,url,filename,loc,lloc,sloc,comments,multi,blank,single_comments,avg_cc
0,https://gitlab.com/kistolbov/cft-task,/home/jonas/Desktop/temp_repo/src/main.py,13,10,10,0,0,3,0,NaN
1,https://gitlab.com/kistolbov/cft-task,/home/jonas/Desktop/temp_repo/src/app/models/token.py,19,13,13,0,0,6,0,NaN
2,https://gitlab.com/kistolbov/cft-task,/home/jonas/Desktop/temp_repo/src/app/models/__init__.py,0,0,0,0,0,0,0,NaN
3,https://gitlab.com/kistolbov/cft-task,/home/jonas/Desktop/temp_repo/src/app/models/employee.py,43,22,32,0,0,11,0,NaN
4,https://gitlab.com/kistolbov/cft-task,/home/jonas/Desktop/temp_repo/src/app/schemas/token.py,6,6,4,0,0,2,0,NaN
5,https://gitlab.com/kistolbov/cft-task,/home/jonas/Desktop/temp_repo/src/app/schemas/__init__.py,0,0,0,0,0,0,0,NaN
6,https://gitlab.com/kistolbov/cft-task,/home/jonas/Desktop/temp_repo/src/app/schemas/employee.py,40,35,25,0,0,15,0,NaN
7,https://gitlab.com/kistolbov/cft-task,/home/jonas/Desktop/temp_repo/src/app/service/token.py,120,78,103,0,0,17,0,1.5454545454545454
8,https://gitlab.com/kistolbov/cft-task,/home/jonas/Desktop/temp_repo/src/app/service/__init__.py,0,0,0,0,0,0,0,NaN
9,https://gitlab.com/kistolbov/cft-task,/home/jonas/Desktop/temp_repo/src/app/service/employee.py,48,32,36,0,0,12,0,1.0
10,https://gitlab.com/kistolbov/cft-task,/home/jonas/Desktop/temp_repo/src/app/routes/token.py,50,35,41,0,0,9,0,1.6666666666666667
11,https://gitlab.com/kistolbov/cft-task,/home/jonas/Desktop/temp_repo/src/app/routes/__init__.py,0,0,0,0,0,0,0,NaN
12,https://gitlab.com/kistolbov/cft-task,/home/jonas/Desktop/temp_repo/src/app/routes/employee.py,45,33,35,0,0,10,0,2.0
13,https://gitlab.com/kistolbov/cft-task,/home/jonas/Desktop/temp_repo/src/app/__init__.py,0,0,0,0,0,0,0,NaN
14,https://gitlab.com/kistolbov/cft-task,/home/jonas/Desktop/temp_repo/src/database.py,21,15,15,0,0,6,0,1.0
15,https://gitlab.com/kistolbov/cft-task,/home/jonas/Desktop/temp_repo/src/config.py,33,34,25,0,0,8,0,NaN
16,https://gitlab.com/kistolbov/cft-task,/home/jonas/Desktop/temp_repo/src/__init__.py,1,1,1,0,0,0,0,NaN
17,https://gitlab.com/kistolbov/cft-task,/home/jonas/Desktop/temp_repo/migrations/versions/fe609b489634_create_employee_promotion_and_issued_.py,75,24,58,5,5,7,5,1.0
18,https://gitlab.com/kistolbov/cft-task,/home/jonas/Desktop/temp_repo/migrations/env.py,91,34,45,12,12,22,12,1.0
19,https://gitlab.com/luiggi0925/learning_python,/home/jonas/Desktop/temp_repo/ejercicios/asynchronous_event_queue/core/errors.py,5,4,2,0,0,1,2,NaN
20,https://gitlab.com/luiggi0925/learning_python,/home/jonas/Desktop/temp_repo/ejercicios/asynchronous_event_queue/core/event_queue.py,19,16,16,0,0,3,0,1.0
21,https://gitlab.com/luiggi0925/learning_python,/home/jonas/Desktop/temp_repo/ejercicios/asynchronous_event_queue/core/event_producer.py,5,4,4,0,0,1,0,1.0
22,https://gitlab.com/luiggi0925/learning_python,/home/jonas/Desktop/temp_repo/ejercicios/asynchronous_event_queue/core/event_consumer.py,8,6,6,0,0,2,0,1.0
23,https://gitlab.com/luiggi0925/learning_python,/home/jonas/Desktop/temp_repo/ejercicios/asynchronous_event_queue/core/event.py,9,9,7,0,0,2,0,NaN
24,https://gitlab.com/luiggi0925/learning_python,/home/jonas/Desktop/temp_repo/ejercicios/asynchronous_event_queue/core/event_queue_manager.py,73,72,69,2,0,3,1,1.9285714285714286
25,https://gitlab.com/luiggi0925/learning_python,/home/jonas/Desktop/temp_repo/ejercicios/asynchronous_event_queue/core/__init__.py,4,4,4,0,0,0,0,NaN
26,https://gitlab.com/luiggi0925/learning_python,/home/jonas/Desktop/temp_repo/ejercicios/asynchronous_event_queue/asynchronous_event_queue.py,62,33,32,0,20,10,0,1.0
27,https://gitlab.com/luiggi0925/learning_python,/home/jonas/Desktop/temp_repo/ejercicios/my_file_system/core/my_file.py,98,87,90,6,0,2,6,2.125
28,https://gitlab.com/luiggi0925/learning_python,/home/jonas/Desktop/temp_repo/ejercicios/my_file_system/core/my_file_metadata.py,34,20,32,1,0,1,1,1.0
29,https://gitlab.com/luiggi0925/learning_python,/home/jonas/Desktop/temp_repo/ejercicios/my_file_system/core/__init__.py,0,0,0,0,0,0,0,NaN
30,https://gitlab.com/luiggi0925/learning_python,/home/jonas/Desktop/temp_repo/ejercicios/my_file_system/app.py,19,9,8,0,9,2,0,1.0
31,https://gitlab.com/luiggi0925/learning_python,/home/jonas/Desktop/temp_repo/ejercicios/my_file_system/my_file_system.py,42,48,40,0,0,2,0,3.3333333333333335
32,https://gitlab.com/luiggi0925/learning_python,/home/jonas/Desktop/temp_repo/ejercicios/my_file_system/exceptions/invalid_file_name.py,2,2,1,0,0,0,1,NaN
33,https://gitlab.com/luiggi0925/learning_python,/home/jonas/Desktop/temp_repo/ejercicios/my_file_system/exceptions/__init__.py,0,0,0,0,0,0,0,NaN
34,https://gitlab.com/luiggi0925/learning_python,/home/jonas/Desktop/temp_repo/ejercicios/triangle/triangles.py,70,44,44,0,14,11,1,2.3333333333333335
35,https://gitlab.com/luiggi0925/learning_python,/home/jonas/Desktop/temp_repo/lecciones/leccion01_variables.py,95,52,54,68,0,11,30,1.0
36,https://gitlab.com/luiggi0925/learning_python,/home/jonas/Desktop/temp_repo/lecciones/leccion17_fechas_horas.py,142,51,51,94,0,20,71,NaN
37,https://gitlab.com/luiggi0925/learning_python,/home/jonas/Desktop/temp_repo/lecciones/leccion05_flujo_control_if.py,233,155,155,64,0,27,51,NaN
38,https://gitlab.com/luiggi0925/learning_python,/home/jonas/Desktop/temp_repo/lecciones/leccion13_comprension_listas.py,155,53,48,73,22,24,61,2.0
39,https://gitlab.com/luiggi0925/learning_python,/home/jonas/Desktop/temp_repo/lecciones/leccion08_diccionarios.py,159,74,68,96,0,28,63,NaN
40,https://gitlab.com/luiggi0925/learning_python,/home/jonas/Desktop/temp_repo/lecciones/leccion04_interpolacion_cadenas.py,79,25,31,38,0,15,33,NaN
41,https://gitlab.com/luiggi0925/learning_python,/home/jonas/Desktop/temp_repo/lecciones/leccion02_operaciones_cadenas.py,81,28,28,58,0,16,37,NaN
42,https://gitlab.com/luiggi0925/learning_python,/home/jonas/Desktop/temp_repo/lecciones/leccion10_flujo_control_bucles_iterables.py,269,135,125,120,0,54,90,NaN
43,https://gitlab.com/luiggi0925/learning_python,/home/jonas/Desktop/temp_repo/lecciones/leccion07_tuplas.py,117,38,38,75,0,23,56,NaN
44,https://gitlab.com/luiggi0925/learning_python,/home/jonas/Desktop/temp_repo/lecciones/leccion12_funciones_2.py,256,112,110,114,17,37,92,1.75
45,https://gitlab.com/luiggi0925/learning_python,/home/jonas/Desktop/temp_repo/lecciones/leccion03_subcadenas.py,108,75,51,80,0,13,44,NaN
46,https://gitlab.com/luiggi0925/learning_python,/home/jonas/Desktop/temp_repo/lecciones/leccion14_clases.py,336,154,154,191,0,38,144,1.380952380952381
47,https://gitlab.com/luiggi0925/learning_python,/home/jonas/Desktop/temp_repo/lecciones/leccion09_conjuntos.py,137,54,54,79,0,26,57,NaN
48,https://gitlab.com/luiggi0925/learning_python,/home/jonas/Desktop/temp_repo/lecciones/leccion06_listas.py,216,73,73,148,0,33,110,NaN
49,https://gitlab.com/luiggi0925/learning_python,/home/jonas/Desktop/temp_repo/lecciones/leccion19_multi_hilos.py,260,136,133,62,35,31,61,1.7857142857142858
50,https://gitlab.com/luiggi0925/learning_python,/home/jonas/Desktop/temp_repo/lecciones/leccion11_funciones_1.py,234,107,106,102,0,52,76,1.6666666666666667
51,https://gitlab.com/luiggi0925/learning_python,/home/jonas/Desktop/temp_repo/lecciones/leccion00_hola_mundo.py,21,3,1,10,8,2,10,NaN
52,https://gitlab.com/de82/delahayeyourself-educational/helloapi,/home/jonas/Desktop/temp_repo/app.py,46,28,31,0,0,15,0,1.2
53,https://gitlab.com/de82/delahayeyourself-educational/helloapi,/home/jonas/Desktop/temp_repo/hello_api/schemas.py,18,14,14,0,0,4,0,NaN
54,https://gitlab.com/de82/delahayeyourself-educational/helloapi,/home/jonas/Desktop/temp_repo/hello_api/views.py,83,59,66,0,0,17,0,1.3846153846153846
55,https://gitlab.com/de82/delahayeyourself-educational/helloapi,/home/jonas/Desktop/temp_repo/hello_api/api.py,13,9,10,0,0,3,0,NaN
56,https://gitlab.com/de82/delahayeyourself-educational/helloapi,/home/jonas/Desktop/temp_repo/hello_api/models.py,83,45,59,0,0,24,0,1.5
57,https://gitlab.com/de82/delahayeyourself-educational/helloapi,/home/jonas/Desktop/temp_repo/hello_api/__init__.py,0,0,0,0,0,0,0,NaN
58,https://gitlab.com/de82/delahayeyourself-tutorials/lpcookie,/home/jonas/Desktop/temp_repo/app.py,98,68,76,1,0,22,0,2.0
59,https://gitlab.com/de82/delahayeyourself-tutorials/lpcookie,/home/jonas/Desktop/temp_repo/fields.py,8,5,5,0,0,3,0,1.0
60,https://gitlab.com/de82/delahayeyourself-tutorials/lpcookie,/home/jonas/Desktop/temp_repo/functions.py,8,6,6,0,0,2,0,2.0
61,https://gitlab.com/de82/delahayeyourself-tutorials/lpcookie,/home/jonas/Desktop/temp_repo/models.py,44,24,31,0,0,13,0,1.0
62,https://gitlab.com/de82/delahayeyourself-tutorials/lpcookie,/home/jonas/Desktop/temp_repo/forms.py,9,5,7,0,0,2,0,NaN
63,https://gitlab.com/saquibelec208/staf-pythonselenium,/home/jonas/Desktop/temp_repo/pageObject/LoginPage.py,59,44,44,0,0,15,0,1.0
64,https://gitlab.com/saquibelec208/staf-pythonselenium,/home/jonas/Desktop/temp_repo/pageObject/BasePage.py,59,45,44,0,0,14,1,1.0
65,https://gitlab.com/saquibelec208/staf-pythonselenium,/home/jonas/Desktop/temp_repo/pageObject/HomePage.py,24,18,18,0,0,6,0,1.4
66,https://gitlab.com/saquibelec208/staf-pythonselenium,/home/jonas/Desktop/temp_repo/pageObject/AddEmployee.py,87,70,70,1,0,16,1,1.4166666666666667
67,https://gitlab.com/saquibelec208/staf-pythonselenium,/home/jonas/Desktop/temp_repo/pageObject/SearchEmployeePage.py,46,37,37,1,0,8,1,1.4
68,https://gitlab.com/saquibelec208/staf-pythonselenium,/home/jonas/Desktop/temp_repo/pageObject/RegisterUserPage.py,189,151,151,3,0,35,3,1.72
69,https://gitlab.com/saquibelec208/staf-pythonselenium,/home/jonas/Desktop/temp_repo/pageObject/LogoutPage.py,23,16,16,0,0,7,0,1.0
70,https://gitlab.com/saquibelec208/staf-pythonselenium,/home/jonas/Desktop/temp_repo/pageObject/AddCustomerPage.py,129,103,103,3,0,23,3,1.875
71,https://gitlab.com/saquibelec208/staf-pythonselenium,/home/jonas/Desktop/temp_repo/pageObject/SearchCustomerPage.py,79,61,61,2,0,16,2,1.4444444444444444
72,https://gitlab.com/saquibelec208/staf-pythonselenium,/home/jonas/Desktop/temp_repo/pageObject/__init__.py,0,0,0,0,0,0,0,NaN
73,https://gitlab.com/saquibelec208/staf-pythonselenium,/home/jonas/Desktop/temp_repo/Locators/Locators.py,87,61,61,11,0,15,11,NaN
74,https://gitlab.com/saquibelec208/staf-pythonselenium,/home/jonas/Desktop/temp_repo/Configuration/config.py,23,18,18,0,0,5,0,NaN
75,https://gitlab.com/saquibelec208/staf-pythonselenium,/home/jonas/Desktop/temp_repo/Configuration/__init__.py,0,0,0,0,0,0,0,NaN
76,https://gitlab.com/saquibelec208/staf-pythonselenium,/home/jonas/Desktop/temp_repo/Utility/readProperties.py,21,16,16,0,0,5,0,1.0
77,https://gitlab.com/saquibelec208/staf-pythonselenium,/home/jonas/Desktop/temp_repo/Utility/customLogger.py,17,15,15,1,0,1,1,1.0
78,https://gitlab.com/saquibelec208/staf-pythonselenium,/home/jonas/Desktop/temp_repo/Utility/common_method.py,12,7,7,0,0,5,0,1.5
79,https://gitlab.com/saquibelec208/staf-pythonselenium,/home/jonas/Desktop/temp_repo/Utility/__init__.py,0,0,0,0,0,0,0,NaN
80,https://gitlab.com/saquibelec208/staf-pythonselenium,/home/jonas/Desktop/temp_repo/Utility/XLUtility.py,22,18,18,0,0,4,0,1.0
81,https://gitlab.com/arvidnl/pytest-job-selection,/home/jonas/Desktop/temp_repo/scripts/jobs_fetch_reports.py,269,101,199,2,20,48,2,2.8
82,https://gitlab.com/arvidnl/pytest-job-selection,/home/jonas/Desktop/temp_repo/scripts/__init__.py,0,0,0,0,0,0,0,NaN
83,https://gitlab.com/arvidnl/pytest-job-selection,/home/jonas/Desktop/temp_repo/setup.py,62,8,55,2,0,5,2,1.0
84,https://gitlab.com/Stashq/unitem-task,/home/jonas/Desktop/temp_repo/scripts/example_data_generator.py,33,23,25,2,0,6,2,NaN
85,https://gitlab.com/Stashq/unitem-task,/home/jonas/Desktop/temp_repo/src/utils/logger.py,29,15,23,0,0,6,0,1.0
86,https://gitlab.com/Stashq/unitem-task,/home/jonas/Desktop/temp_repo/src/utils/__init__.py,3,2,2,0,0,1,0,NaN
87,https://gitlab.com/Stashq/unitem-task,/home/jonas/Desktop/temp_repo/src/service/consumer.py,48,25,38,0,2,8,0,1.0
88,https://gitlab.com/Stashq/unitem-task,/home/jonas/Desktop/temp_repo/src/service/actor.py,47,30,38,1,0,9,0,1.4
89,https://gitlab.com/Stashq/unitem-task,/home/jonas/Desktop/temp_repo/src/service/service.py,121,53,81,0,19,21,0,1.4285714285714286
90,https://gitlab.com/Stashq/unitem-task,/home/jonas/Desktop/temp_repo/src/service/img_saver.py,41,20,31,0,2,8,0,1.0
91,https://gitlab.com/Stashq/unitem-task,/home/jonas/Desktop/temp_repo/src/service/source.py,24,12,11,0,6,6,1,1.0
92,https://gitlab.com/Stashq/unitem-task,/home/jonas/Desktop/temp_repo/src/service/__init__.py,7,6,6,0,0,1,0,NaN
93,https://gitlab.com/Stashq/unitem-task,/home/jonas/Desktop/temp_repo/src/service/producer.py,40,21,31,0,2,7,0,1.0
94,https://gitlab.com/Stashq/unitem-task,/home/jonas/Desktop/temp_repo/src/main.py,51,17,44,0,0,6,1,1.0
95,https://gitlab.com/Stashq/unitem-task,/home/jonas/Desktop/temp_repo/src/__init__.py,0,0,0,0,0,0,0,NaN
96,https://gitlab.com/MatyasKelemen/mailck,/home/jonas/Desktop/temp_repo/cma.py,276,196,214,23,0,39,23,8.333333333333334
97,https://gitlab.com/richardnagy/security/blockchain,/home/jonas/Desktop/temp_repo/src/blockchain/blockchain.py,35,30,28,0,0,7,0,2.0
98,https://gitlab.com/richardnagy/security/blockchain,/home/jonas/Desktop/temp_repo/src/blockchain/block.py,54,38,47,0,0,7,0,1.8
99,https://gitlab.com/richardnagy/security/blockchain,/home/jonas/Desktop/temp_repo/src/blockchain/__init__.py,4,3,2,0,0,1,1,NaN
100,https://gitlab.com/edinio/weathersoundbackend,/home/jonas/Desktop/temp_repo/WeatherSound/WeatherSound/urls.py,9,4,8,1,0,1,0,NaN
101,https://gitlab.com/edinio/weathersoundbackend,/home/jonas/Desktop/temp_repo/WeatherSound/WeatherSound/asgi.py,16,5,4,0,6,6,0,NaN
102,https://gitlab.com/edinio/weathersoundbackend,/home/jonas/Desktop/temp_repo/WeatherSound/WeatherSound/settings.py,135,28,75,16,8,36,16,NaN
103,https://gitlab.com/edinio/weathersoundbackend,/home/jonas/Desktop/temp_repo/WeatherSound/WeatherSound/wsgi.py,16,5,4,0,6,6,0,NaN
104,https://gitlab.com/edinio/weathersoundbackend,/home/jonas/Desktop/temp_repo/WeatherSound/WeatherSound/__init__.py,0,0,0,0,0,0,0,NaN
105,https://gitlab.com/edinio/weathersoundbackend,/home/jonas/Desktop/temp_repo/WeatherSound/manage.py,22,13,15,1,0,4,3,2.0
106,https://gitlab.com/edinio/weathersoundbackend,/home/jonas/Desktop/temp_repo/WeatherSound/api/management/commands/load_cities.py,35,28,28,0,4,3,0,6.0
107,https://gitlab.com/edinio/weathersoundbackend,/home/jonas/Desktop/temp_repo/WeatherSound/api/management/commands/__init__.py,0,0,0,0,0,0,0,NaN
108,https://gitlab.com/edinio/weathersoundbackend,/home/jonas/Desktop/temp_repo/WeatherSound/api/urls.py,41,9,24,0,14,3,0,NaN
109,https://gitlab.com/edinio/weathersoundbackend,/home/jonas/Desktop/temp_repo/WeatherSound/api/views.py,115,78,106,0,0,9,0,4.5
110,https://gitlab.com/edinio/weathersoundbackend,/home/jonas/Desktop/temp_repo/WeatherSound/api/apps.py,6,4,4,0,0,2,0,NaN
111,https://gitlab.com/edinio/weathersoundbackend,/home/jonas/Desktop/temp_repo/WeatherSound/api/admin.py,3,0,0,2,0,1,2,NaN
112,https://gitlab.com/edinio/weathersoundbackend,/home/jonas/Desktop/temp_repo/WeatherSound/api/serializers.py,69,49,49,0,0,20,0,NaN
113,https://gitlab.com/edinio/weathersoundbackend,/home/jonas/Desktop/temp_repo/WeatherSound/api/weathermap_wrapper.py,160,65,123,9,15,13,9,4.0
114,https://gitlab.com/edinio/weathersoundbackend,/home/jonas/Desktop/temp_repo/WeatherSound/api/models.py,21,15,15,0,0,6,0,1.0
115,https://gitlab.com/edinio/weathersoundbackend,/home/jonas/Desktop/temp_repo/WeatherSound/api/__init__.py,0,0,0,0,0,0,0,NaN
116,https://gitlab.com/edinio/weathersoundbackend,/home/jonas/Desktop/temp_repo/WeatherSound/api/migrations/0001_initial.py,33,6,26,1,0,6,1,NaN
117,https://gitlab.com/edinio/weathersoundbackend,/home/jonas/Desktop/temp_repo/WeatherSound/api/migrations/__init__.py,0,0,0,0,0,0,0,NaN
118,https://gitlab.com/megabyte-labs/python/cli/ansible-keyring,/home/jonas/Desktop/temp_repo/ansible-keyring/cli/ansible_mkpasswd.py,32,4,4,24,0,4,24,1.0
119,https://gitlab.com/megabyte-labs/python/cli/ansible-keyring,/home/jonas/Desktop/temp_repo/ansible-keyring/cli/vaultify.py,89,36,35,28,7,19,28,2.4
120,https://gitlab.com/megabyte-labs/python/cli/ansible-keyring,/home/jonas/Desktop/temp_repo/ansible-keyring/cli/ansible_local.py,34,6,7,24,0,3,24,1.0
121,https://gitlab.com/megabyte-labs/python/cli/ansible-keyring,/home/jonas/Desktop/temp_repo/ansible-keyring/cli/ansible_vault_helper.py,178,77,93,24,11,49,25,2.0
122,https://gitlab.com/megabyte-labs/python/cli/ansible-keyring,/home/jonas/Desktop/temp_repo/ansible-keyring/cli/__init__.py,23,0,0,23,0,0,23,NaN
123,https://gitlab.com/megabyte-labs/python/cli/ansible-keyring,/home/jonas/Desktop/temp_repo/ansible-keyring/__init__.py,23,0,0,23,0,0,23,NaN
124,https://gitlab.com/megabyte-labs/python/cli/ansible-keyring,/home/jonas/Desktop/temp_repo/src/app.py,2,2,2,0,0,0,0,1.0
125,https://gitlab.com/megabyte-labs/python/cli/ansible-keyring,/home/jonas/Desktop/temp_repo/src/workers/celery.py,25,9,7,0,8,9,1,1.0
126,https://gitlab.com/megabyte-labs/python/cli/ansible-keyring,/home/jonas/Desktop/temp_repo/src/workers/__init__.py,0,0,0,0,0,0,0,NaN
127,https://gitlab.com/megabyte-labs/python/cli/ansible-keyring,/home/jonas/Desktop/temp_repo/src/scheduler/schedule.py,22,16,15,0,0,6,1,1.0
128,https://gitlab.com/megabyte-labs/python/cli/ansible-keyring,/home/jonas/Desktop/temp_repo/src/scheduler/__init__.py,0,0,0,0,0,0,0,NaN
129,https://gitlab.com/megabyte-labs/python/cli/ansible-keyring,/home/jonas/Desktop/temp_repo/src/validations/schema.py,27,8,15,2,4,6,2,NaN
130,https://gitlab.com/megabyte-labs/python/cli/ansible-keyring,/home/jonas/Desktop/temp_repo/src/validations/__init__.py,0,0,0,0,0,0,0,NaN
131,https://gitlab.com/megabyte-labs/python/cli/ansible-keyring,/home/jonas/Desktop/temp_repo/src/loggers/rich.py,33,12,24,2,0,6,3,1.0
132,https://gitlab.com/megabyte-labs/python/cli/ansible-keyring,/home/jonas/Desktop/temp_repo/src/loggers/__init__.py,0,0,0,0,0,0,0,NaN
133,https://gitlab.com/megabyte-labs/python/cli/ansible-keyring,/home/jonas/Desktop/temp_repo/src/dates/arrow.py,22,9,8,6,0,7,7,NaN
134,https://gitlab.com/megabyte-labs/python/cli/ansible-keyring,/home/jonas/Desktop/temp_repo/src/dates/__init__.py,0,0,0,0,0,0,0,NaN
135,https://gitlab.com/megabyte-labs/python/cli/ansible-keyring,/home/jonas/Desktop/temp_repo/src/unix/sh.py,16,7,6,4,0,5,5,1.0
136,https://gitlab.com/megabyte-labs/python/cli/ansible-keyring,/home/jonas/Desktop/temp_repo/src/unix/__init__.py,0,0,0,0,0,0,0,NaN
137,https://gitlab.com/megabyte-labs/python/cli/ansible-keyring,/home/jonas/Desktop/temp_repo/src/cli/click.py,41,18,21,0,5,14,1,1.0
138,https://gitlab.com/megabyte-labs/python/cli/ansible-keyring,/home/jonas/Desktop/temp_repo/src/cli/fire.py,23,8,6,1,8,7,2,1.0
139,https://gitlab.com/megabyte-labs/python/cli/ansible-keyring,/home/jonas/Desktop/temp_repo/src/cli/__init__.py,0,0,0,0,0,0,0,NaN
140,https://gitlab.com/megabyte-labs/python/cli/ansible-keyring,/home/jonas/Desktop/temp_repo/src/errors/better_exceptions.py,13,4,3,0,5,5,0,1.0
141,https://gitlab.com/megabyte-labs/python/cli/ansible-keyring,/home/jonas/Desktop/temp_repo/src/errors/__init__.py,0,0,0,0,0,0,0,NaN
142,https://gitlab.com/megabyte-labs/python/cli/ansible-keyring,/home/jonas/Desktop/temp_repo/src/profilers/__init__.py,0,0,0,0,0,0,0,NaN
143,https://gitlab.com/megabyte-labs/python/cli/ansible-keyring,/home/jonas/Desktop/temp_repo/src/profilers/instrument.py,23,11,10,2,4,7,2,1.0
144,https://gitlab.com/megabyte-labs/python/cli/ansible-keyring,/home/jonas/Desktop/temp_repo/src/network/aiohttp.py,30,18,17,3,0,9,4,1.5
145,https://gitlab.com/megabyte-labs/python/cli/ansible-keyring,/home/jonas/Desktop/temp_repo/src/network/furl.py,26,13,9,7,0,9,8,NaN
146,https://gitlab.com/megabyte-labs/python/cli/ansible-keyring,/home/jonas/Desktop/temp_repo/src/network/requests.py,27,19,14,1,0,9,4,1.0
147,https://gitlab.com/megabyte-labs/python/cli/ansible-keyring,/home/jonas/Desktop/temp_repo/src/network/__init__.py,0,0,0,0,0,0,0,NaN
148,https://gitlab.com/megabyte-labs/python/cli/ansible-keyring,/home/jonas/Desktop/temp_repo/src/debugging/snooper.py,27,11,9,0,10,8,0,2.0
149,https://gitlab.com/megabyte-labs/python/cli/ansible-keyring,/home/jonas/Desktop/temp_repo/src/debugging/__init__.py,0,0,0,0,0,0,0,NaN
150,https://gitlab.com/megabyte-labs/python/cli/ansible-keyring,/home/jonas/Desktop/temp_repo/src/__init__.py,2,2,2,0,0,0,0,NaN
151,https://gitlab.com/aurelienlair/python-api-automation,/home/jonas/Desktop/temp_repo/helpers/auth_helper.py,11,7,9,0,0,2,0,1.0
152,https://gitlab.com/aurelienlair/python-api-automation,/home/jonas/Desktop/temp_repo/helpers/user_helper.py,14,10,11,0,0,3,0,1.0
153,https://gitlab.com/aurelienlair/python-api-automation,/home/jonas/Desktop/temp_repo/helpers/api_helper.py,23,16,14,5,0,4,5,4.0
154,https://gitlab.com/aetst-group/aetst,/home/jonas/Desktop/temp_repo/setup.py,18,13,12,1,0,4,2,NaN
155,https://gitlab.com/aetst-group/aetst,/home/jonas/Desktop/temp_repo/main.py,3,2,1,0,0,1,1,NaN
156,https://gitlab.com/aetst-group/aetst,/home/jonas/Desktop/temp_repo/docs/conf.py,169,40,76,55,22,29,42,NaN
157,https://gitlab.com/aurelienlair/python-web-browser-automation,/home/jonas/Desktop/temp_repo/pages/base_page.py,7,5,5,0,0,2,0,2.0
158,https://gitlab.com/aurelienlair/python-web-browser-automation,/home/jonas/Desktop/temp_repo/pages/authentication_page.py,29,18,22,2,0,5,2,1.0
159,https://gitlab.com/aurelienlair/python-web-browser-automation,/home/jonas/Desktop/temp_repo/pages/profile_page.py,16,8,12,1,0,3,1,1.0
160,https://gitlab.com/aurelienlair/python-web-browser-automation,/home/jonas/Desktop/temp_repo/modules/webdriver.py,38,28,33,1,0,4,1,2.0
161,https://gitlab.com/dguendogdu-fox/my-pipeline,/home/jonas/Desktop/temp_repo/src/file.py,19,11,9,0,6,4,0,1.0
162,https://gitlab.com/dguendogdu-fox/my-pipeline,/home/jonas/Desktop/temp_repo/src/__init__.py,5,2,1,0,3,1,0,NaN
163,https://gitlab.com/UnMelow/chess,/home/jonas/Desktop/temp_repo/src/models/rooms_manager.py,78,59,64,0,0,14,0,2.272727272727273
164,https://gitlab.com/UnMelow/chess,/home/jonas/Desktop/temp_repo/src/models/game.py,40,31,28,0,4,7,1,4.5
165,https://gitlab.com/UnMelow/chess,/home/jonas/Desktop/temp_repo/src/models/room.py,78,64,61,1,5,11,1,3.5
166,https://gitlab.com/UnMelow/chess,/home/jonas/Desktop/temp_repo/src/models/__init__.py,47,39,38,0,0,9,0,1.0
167,https://gitlab.com/UnMelow/chess,/home/jonas/Desktop/temp_repo/src/main.py,60,48,48,2,0,10,2,3.0
168,https://gitlab.com/UnMelow/chess,/home/jonas/Desktop/temp_repo/src/config.py,7,5,5,0,0,2,0,NaN
169,https://gitlab.com/UnMelow/chess,/home/jonas/Desktop/temp_repo/src/loader.py,4,3,3,0,0,1,0,NaN
170,https://gitlab.com/UnMelow/chess,/home/jonas/Desktop/temp_repo/src/commands.py,103,81,81,0,0,22,0,2.3333333333333335
171,https://gitlab.com/UnMelow/chess,/home/jonas/Desktop/temp_repo/src/__init__.py,0,0,0,0,0,0,0,NaN
172,https://gitlab.com/nicolas.bohorquez/flask-pytest-sample,/home/jonas/Desktop/temp_repo/app.py,8,6,6,0,0,2,0,NaN
173,https://gitlab.com/nicolas.bohorquez/flask-pytest-sample,/home/jonas/Desktop/temp_repo/routes.py,6,5,5,0,0,1,0,1.0
174,https://gitlab.com/megabyte-labs/templates/python-cli,/home/jonas/Desktop/temp_repo/src/app.py,2,2,2,0,0,0,0,1.0
175,https://gitlab.com/megabyte-labs/templates/python-cli,/home/jonas/Desktop/temp_repo/src/workers/celery.py,25,9,7,0,8,9,1,1.0
176,https://gitlab.com/megabyte-labs/templates/python-cli,/home/jonas/Desktop/temp_repo/src/workers/__init__.py,0,0,0,0,0,0,0,NaN
177,https://gitlab.com/megabyte-labs/templates/python-cli,/home/jonas/Desktop/temp_repo/src/scheduler/schedule.py,22,16,15,0,0,6,1,1.0
178,https://gitlab.com/megabyte-labs/templates/python-cli,/home/jonas/Desktop/temp_repo/src/scheduler/__init__.py,0,0,0,0,0,0,0,NaN
179,https://gitlab.com/megabyte-labs/templates/python-cli,/home/jonas/Desktop/temp_repo/src/validations/schema.py,27,8,15,2,4,6,2,NaN
180,https://gitlab.com/megabyte-labs/templates/python-cli,/home/jonas/Desktop/temp_repo/src/validations/__init__.py,0,0,0,0,0,0,0,NaN
181,https://gitlab.com/megabyte-labs/templates/python-cli,/home/jonas/Desktop/temp_repo/src/loggers/rich.py,33,12,24,2,0,6,3,1.0
182,https://gitlab.com/megabyte-labs/templates/python-cli,/home/jonas/Desktop/temp_repo/src/loggers/__init__.py,0,0,0,0,0,0,0,NaN
183,https://gitlab.com/megabyte-labs/templates/python-cli,/home/jonas/Desktop/temp_repo/src/dates/arrow.py,22,9,8,6,0,7,7,NaN
184,https://gitlab.com/megabyte-labs/templates/python-cli,/home/jonas/Desktop/temp_repo/src/dates/__init__.py,0,0,0,0,0,0,0,NaN
185,https://gitlab.com/megabyte-labs/templates/python-cli,/home/jonas/Desktop/temp_repo/src/unix/sh.py,18,7,6,4,0,7,5,1.0
186,https://gitlab.com/megabyte-labs/templates/python-cli,/home/jonas/Desktop/temp_repo/src/unix/__init__.py,0,0,0,0,0,0,0,NaN
187,https://gitlab.com/megabyte-labs/templates/python-cli,/home/jonas/Desktop/temp_repo/src/cli/click.py,38,18,21,0,5,11,1,1.0
188,https://gitlab.com/megabyte-labs/templates/python-cli,/home/jonas/Desktop/temp_repo/src/cli/fire.py,23,8,6,1,8,7,2,1.0
189,https://gitlab.com/megabyte-labs/templates/python-cli,/home/jonas/Desktop/temp_repo/src/cli/__init__.py,0,0,0,0,0,0,0,NaN
190,https://gitlab.com/megabyte-labs/templates/python-cli,/home/jonas/Desktop/temp_repo/src/errors/better_exceptions.py,13,4,3,0,5,5,0,1.0
191,https://gitlab.com/megabyte-labs/templates/python-cli,/home/jonas/Desktop/temp_repo/src/errors/__init__.py,0,0,0,0,0,0,0,NaN
192,https://gitlab.com/megabyte-labs/templates/python-cli,/home/jonas/Desktop/temp_repo/src/profilers/__init__.py,0,0,0,0,0,0,0,NaN
193,https://gitlab.com/megabyte-labs/templates/python-cli,/home/jonas/Desktop/temp_repo/src/profilers/instrument.py,23,11,10,2,4,7,2,1.0
194,https://gitlab.com/megabyte-labs/templates/python-cli,/home/jonas/Desktop/temp_repo/src/network/aiohttp.py,30,18,17,3,0,9,4,1.5
195,https://gitlab.com/megabyte-labs/templates/python-cli,/home/jonas/Desktop/temp_repo/src/network/furl.py,26,13,9,7,0,9,8,NaN
196,https://gitlab.com/megabyte-labs/templates/python-cli,/home/jonas/Desktop/temp_repo/src/network/requests.py,27,19,14,1,0,9,4,1.0
197,https://gitlab.com/megabyte-labs/templates/python-cli,/home/jonas/Desktop/temp_repo/src/network/__init__.py,0,0,0,0,0,0,0,NaN
198,https://gitlab.com/megabyte-labs/templates/python-cli,/home/jonas/Desktop/temp_repo/src/debugging/snooper.py,27,11,9,0,10,8,0,2.0
199,https://gitlab.com/megabyte-labs/templates/python-cli,/home/jonas/Desktop/temp_repo/src/debugging/__init__.py,0,0,0,0,0,0,0,NaN
200,https://gitlab.com/megabyte-labs/templates/python-cli,/home/jonas/Desktop/temp_repo/src/__init__.py,2,2,2,0,0,0,0,NaN
